,RT_trn,RT_trn_rnd,RT_rnd_rec,ACC_trn,ACC_trn_rnd,ACC_rnd_rec
SEGM_AL_adult,0.6462869010185877,0.7675578598887695,0.7777280797101728,0.8550590986567531,0.8499897283605272,0.7613473624894253
SEGM_AL_child,0.6011551510617075,0.3481351535442332,0.5945594691926225,0.9151971875896431,0.8528770336731317,0.8565204847837588
SEGM_VN,0.8950032305613299,0.9365579554796785,0.9214834963299534,0.44974695798490316,0.665864266204694,0.7498213201204377
AGL,0.2215064868140868,0.2699821084137119,0.24716900584732865,0.6336957084416707,0.3797274587001913,0.38979800343726084
NAD,0.6959966888917026,0.7356969230055478,0.6885355769263855,0.7445978117807684,0.6747243666624887,0.6169481518360378
